{"units_sold":{"nullCount":0.0,"zeroCount":0.0,"min":-8.0,"max":20.0,"mean":0.90383023,"median":1.0,"standarddeviation":525.1309,"totalcount":1547815.0,"header":"units_sold","list":[]},"discount":{"nullCount":1547755.0,"zeroCount":49.0,"min":0.0,"max":1530.0,"mean":0.0023928892,"median":0.0,"standarddeviation":2131.0974,"totalcount":1547815.0,"header":"discount","list":[]},"sales_value":{"nullCount":0.0,"zeroCount":20.0,"min":-264.78,"max":12500.0,"mean":28.29795,"median":24.885,"standarddeviation":34816.527,"totalcount":1547815.0,"header":"sales_value","list":[]}}